Type,Class,Month,Year,Price
Carabao,Class A,January,2014,90
Carabao,Class A,February,2014,70
Carabao,Class A,March,2014,70
Carabao,Class A,April,2014,70
Carabao,Class A,May,2014,70
Carabao,Class A,June,2014,80
Carabao,Class A,July,2014,100
Carabao,Class A,August,2014,100
Carabao,Class A,September,2014,100
Carabao,Class A,October,2014,120
Carabao,Class A,November,2014,100
Carabao,Class A,December,2014,100
Carabao,Class A,January,2015,100
Carabao,Class A,February,2015,100
Carabao,Class A,March,2015,100
Carabao,Class A,April,2015,80
Carabao,Class A,May,2015,70
Carabao,Class A,June,2015,50
Carabao,Class A,July,2015,70
Carabao,Class A,August,2015,120
Carabao,Class A,September,2015,120
Carabao,Class A,October,2015,150
Carabao,Class A,November,2015,120
Carabao,Class A,December,2015,120
Carabao,Class A,January,2016,180
Carabao,Class A,February,2016,120
Carabao,Class A,March,2016,120
Carabao,Class A,April,2016,120
Carabao,Class A,May,2016,90
Carabao,Class A,June,2016,90
Carabao,Class A,July,2016,100
Carabao,Class A,August,2016,150
Carabao,Class A,September,2016,180
Carabao,Class A,October,2016,200
Carabao,Class A,November,2016,200
Carabao,Class A,December,2016,180
Carabao,Class A,January,2017,180
Carabao,Class A,February,2017,100
Carabao,Class A,March,2017,160
Carabao,Class A,April,2017,120
Carabao,Class A,May,2017,135
Carabao,Class A,June,2017,90
Carabao,Class A,July,2017,120
Carabao,Class A,August,2017,120
Carabao,Class A,September,2017,150
Carabao,Class A,October,2017,140
Carabao,Class A,November,2017,180
Carabao,Class A,December,2017,180
Carabao,Class A,January,2018,200
Carabao,Class A,February,2018,200
Carabao,Class A,March,2018,200
Carabao,Class A,April,2018,120
Carabao,Class A,May,2018,120
Carabao,Class A,June,2018,110
Carabao,Class A,July,2018,110
Carabao,Class A,August,2018,110
Carabao,Class A,September,2018,110
Carabao,Class A,October,2018,160
Carabao,Class A,November,2018,180
Carabao,Class A,December,2018,160
Carabao,Class A,January,2019,160
Carabao,Class A,February,2019,140
Carabao,Class A,March,2019,130
Carabao,Class A,April,2019,140
Carabao,Class A,May,2019,120
Carabao,Class A,June,2019,100
Carabao,Class A,July,2019,240
Carabao,Class A,August,2019,240
Carabao,Class A,September,2019,250
Carabao,Class A,October,2019,200
Carabao,Class A,November,2019,200
Carabao,Class A,December,2019,160
Carabao,Class A,January,2020,160
Carabao,Class A,February,2020,150
Carabao,Class A,March,2020,160
Carabao,Class A,April,2020,160
Carabao,Class A,May,2020,160
Carabao,Class A,June,2020,120
Carabao,Class A,July,2020,140
Carabao,Class A,August,2020,155
Carabao,Class A,September,2020,180
Carabao,Class A,October,2020,180
Carabao,Class A,November,2020,150
Carabao,Class A,December,2020,200
Carabao,Class A,January,2021,300
Carabao,Class A,February,2021,200
Carabao,Class A,March,2021,170
Carabao,Class A,April,2021,155
Carabao,Class A,May,2021,160
Carabao,Class A,June,2021,140
Carabao,Class A,July,2021,160
Carabao,Class A,August,2021,180
Carabao,Class A,September,2021,180
Carabao,Class A,October,2021,180
Carabao,Class A,November,2021,200
Carabao,Class A,December,2021,180
Carabao,Class A,January,2022,180
Carabao,Class A,February,2022,180
Carabao,Class A,March,2022,150
Carabao,Class A,April,2022,140
Carabao,Class A,May,2022,130
Carabao,Class A,June,2022,180
Carabao,Class A,July,2022,200
Carabao,Class A,August,2022,220
Carabao,Class A,September,2022,220
Carabao,Class A,October,2022,220
Carabao,Class A,November,2022,180
Carabao,Class A,December,2022,180
Carabao,Class A,January,2023,180
Carabao,Class A,February,2023,180
Carabao,Class A,March,2023,200
Carabao,Class A,April,2023,180
Carabao,Class A,May,2023,170
Carabao,Class A,June,2023,160
Carabao,Class A,July,2023,200
Carabao,Class A,August,2023,160
Carabao,Class A,September,2023,280
Carabao,Class A,October,2023,280
Carabao,Class A,November,2023,200
Carabao,Class A,December,2023,200
Carabao,Class A,January,2024,200
Carabao,Class A,February,2024,180
Carabao,Class A,March,2024,180
Carabao,Class A,April,2024,150
Carabao,Class A,May,2024,120
Carabao,Class B,January,2014,85
Carabao,Class B,February,2014,70
Carabao,Class B,March,2014,70
Carabao,Class B,April,2014,70
Carabao,Class B,May,2014,67.5
Carabao,Class B,June,2014,75
Carabao,Class B,July,2014,95
Carabao,Class B,August,2014,100
Carabao,Class B,September,2014,100
Carabao,Class B,October,2014,115
Carabao,Class B,November,2014,100
Carabao,Class B,December,2014,100
Carabao,Class B,January,2015,97.5
Carabao,Class B,February,2015,97.5
Carabao,Class B,March,2015,97.5
Carabao,Class B,April,2015,77.5
Carabao,Class B,May,2015,65
Carabao,Class B,June,2015,50
Carabao,Class B,July,2015,65
Carabao,Class B,August,2015,110
Carabao,Class B,September,2015,120
Carabao,Class B,October,2015,142.5
Carabao,Class B,November,2015,120
Carabao,Class B,December,2015,120
Carabao,Class B,January,2016,165
Carabao,Class B,February,2016,110
Carabao,Class B,March,2016,112.5
Carabao,Class B,April,2016,112.5
Carabao,Class B,May,2016,87.5
Carabao,Class B,June,2016,87.5
Carabao,Class B,July,2016,97.5
Carabao,Class B,August,2016,142.5
Carabao,Class B,September,2016,172.5
Carabao,Class B,October,2016,195
Carabao,Class B,November,2016,180
Carabao,Class B,December,2016,165
Carabao,Class B,January,2017,157.5
Carabao,Class B,February,2017,100
Carabao,Class B,March,2017,145
Carabao,Class B,April,2017,115
Carabao,Class B,May,2017,125
Carabao,Class B,June,2017,90
Carabao,Class B,July,2017,113.75
Carabao,Class B,August,2017,120
Carabao,Class B,September,2017,142.5
Carabao,Class B,October,2017,135
Carabao,Class B,November,2017,165
Carabao,Class B,December,2017,170
Carabao,Class B,January,2018,190
Carabao,Class B,February,2018,190
Carabao,Class B,March,2018,190
Carabao,Class B,April,2018,120
Carabao,Class B,May,2018,120
Carabao,Class B,June,2018,107.5
Carabao,Class B,July,2018,107.5
Carabao,Class B,August,2018,107.5
Carabao,Class B,September,2018,107.5
Carabao,Class B,October,2018,152.5
Carabao,Class B,November,2018,172.5
Carabao,Class B,December,2018,152.5
Carabao,Class B,January,2019,150
Carabao,Class B,February,2019,135
Carabao,Class B,March,2019,127.5
Carabao,Class B,April,2019,135
Carabao,Class B,May,2019,115
Carabao,Class B,June,2019,95
Carabao,Class B,July,2019,205
Carabao,Class B,August,2019,222.5
Carabao,Class B,September,2019,237.5
Carabao,Class B,October,2019,187.5
Carabao,Class B,November,2019,192.5
Carabao,Class B,December,2019,157.5
Carabao,Class B,January,2020,157.5
Carabao,Class B,February,2020,150
Carabao,Class B,March,2020,157.5
Carabao,Class B,April,2020,160
Carabao,Class B,May,2020,156.25
Carabao,Class B,June,2020,115
Carabao,Class B,July,2020,137.5
Carabao,Class B,August,2020,151.25
Carabao,Class B,September,2020,172.5
Carabao,Class B,October,2020,172.5
Carabao,Class B,November,2020,150
Carabao,Class B,December,2020,187.5
Carabao,Class B,January,2021,275
Carabao,Class B,February,2021,190
Carabao,Class B,March,2021,165
Carabao,Class B,April,2021,153.75
Carabao,Class B,May,2021,155
Carabao,Class B,June,2021,130
Carabao,Class B,July,2021,157.5
Carabao,Class B,August,2021,180
Carabao,Class B,September,2021,180
Carabao,Class B,October,2021,180
Carabao,Class B,November,2021,192.5
Carabao,Class B,December,2021,180
Carabao,Class B,January,2022,180
Carabao,Class B,February,2022,180
Carabao,Class B,March,2022,147.5
Carabao,Class B,April,2022,135
Carabao,Class B,May,2022,127.5
Carabao,Class B,June,2022,165
Carabao,Class B,July,2022,200
Carabao,Class B,August,2022,215
Carabao,Class B,September,2022,220
Carabao,Class B,October,2022,210
Carabao,Class B,November,2022,180
Carabao,Class B,December,2022,180
Carabao,Class B,January,2023,180
Carabao,Class B,February,2023,180
Carabao,Class B,March,2023,195
Carabao,Class B,April,2023,180
Carabao,Class B,May,2023,165
Carabao,Class B,June,2023,157.5
Carabao,Class B,July,2023,190
Carabao,Class B,August,2023,157.5
Carabao,Class B,September,2023,280
Carabao,Class B,October,2023,257.5
Carabao,Class B,November,2023,195
Carabao,Class B,December,2023,195
Carabao,Class B,January,2024,195
Carabao,Class B,February,2024,180
Carabao,Class B,March,2024,172.5
Carabao,Class B,April,2024,150
Carabao,Class B,May,2024,115
Carabao,Class C,January,2014,80
Carabao,Class C,February,2014,70
Carabao,Class C,March,2014,70
Carabao,Class C,April,2014,70
Carabao,Class C,May,2014,65
Carabao,Class C,June,2014,70
Carabao,Class C,July,2014,90
Carabao,Class C,August,2014,100
Carabao,Class C,September,2014,100
Carabao,Class C,October,2014,110
Carabao,Class C,November,2014,100
Carabao,Class C,December,2014,100
Carabao,Class C,January,2015,95
Carabao,Class C,February,2015,95
Carabao,Class C,March,2015,95
Carabao,Class C,April,2015,75
Carabao,Class C,May,2015,60
Carabao,Class C,June,2015,50
Carabao,Class C,July,2015,60
Carabao,Class C,August,2015,100
Carabao,Class C,September,2015,120
Carabao,Class C,October,2015,135
Carabao,Class C,November,2015,120
Carabao,Class C,December,2015,120
Carabao,Class C,January,2016,150
Carabao,Class C,February,2016,100
Carabao,Class C,March,2016,105
Carabao,Class C,April,2016,105
Carabao,Class C,May,2016,85
Carabao,Class C,June,2016,85
Carabao,Class C,July,2016,95
Carabao,Class C,August,2016,135
Carabao,Class C,September,2016,165
Carabao,Class C,October,2016,190
Carabao,Class C,November,2016,160
Carabao,Class C,December,2016,150
Carabao,Class C,January,2017,135
Carabao,Class C,February,2017,100
Carabao,Class C,March,2017,130
Carabao,Class C,April,2017,110
Carabao,Class C,May,2017,115
Carabao,Class C,June,2017,90
Carabao,Class C,July,2017,107.5
Carabao,Class C,August,2017,120
Carabao,Class C,September,2017,135
Carabao,Class C,October,2017,130
Carabao,Class C,November,2017,150
Carabao,Class C,December,2017,160
Carabao,Class C,January,2018,180
Carabao,Class C,February,2018,180
Carabao,Class C,March,2018,180
Carabao,Class C,April,2018,120
Carabao,Class C,May,2018,120
Carabao,Class C,June,2018,105
Carabao,Class C,July,2018,105
Carabao,Class C,August,2018,105
Carabao,Class C,September,2018,105
Carabao,Class C,October,2018,145
Carabao,Class C,November,2018,165
Carabao,Class C,December,2018,145
Carabao,Class C,January,2019,140
Carabao,Class C,February,2019,130
Carabao,Class C,March,2019,125
Carabao,Class C,April,2019,130
Carabao,Class C,May,2019,110
Carabao,Class C,June,2019,90
Carabao,Class C,July,2019,170
Carabao,Class C,August,2019,205
Carabao,Class C,September,2019,225
Carabao,Class C,October,2019,175
Carabao,Class C,November,2019,185
Carabao,Class C,December,2019,155
Carabao,Class C,January,2020,155
Carabao,Class C,February,2020,150
Carabao,Class C,March,2020,155
Carabao,Class C,April,2020,160
Carabao,Class C,May,2020,152.5
Carabao,Class C,June,2020,110
Carabao,Class C,July,2020,135
Carabao,Class C,August,2020,147.5
Carabao,Class C,September,2020,165
Carabao,Class C,October,2020,165
Carabao,Class C,November,2020,150
Carabao,Class C,December,2020,175
Carabao,Class C,January,2021,250
Carabao,Class C,February,2021,180
Carabao,Class C,March,2021,160
Carabao,Class C,April,2021,152.5
Carabao,Class C,May,2021,150
Carabao,Class C,June,2021,120
Carabao,Class C,July,2021,155
Carabao,Class C,August,2021,180
Carabao,Class C,September,2021,180
Carabao,Class C,October,2021,180
Carabao,Class C,November,2021,185
Carabao,Class C,December,2021,180
Carabao,Class C,January,2022,180
Carabao,Class C,February,2022,180
Carabao,Class C,March,2022,145
Carabao,Class C,April,2022,130
Carabao,Class C,May,2022,125
Carabao,Class C,June,2022,150
Carabao,Class C,July,2022,200
Carabao,Class C,August,2022,210
Carabao,Class C,September,2022,220
Carabao,Class C,October,2022,200
Carabao,Class C,November,2022,180
Carabao,Class C,December,2022,180
Carabao,Class C,January,2023,180
Carabao,Class C,February,2023,180
Carabao,Class C,March,2023,190
Carabao,Class C,April,2023,180
Carabao,Class C,May,2023,160
Carabao,Class C,June,2023,155
Carabao,Class C,July,2023,180
Carabao,Class C,August,2023,155
Carabao,Class C,September,2023,280
Carabao,Class C,October,2023,235
Carabao,Class C,November,2023,190
Carabao,Class C,December,2023,190
Carabao,Class C,January,2024,190
Carabao,Class C,February,2024,180
Carabao,Class C,March,2024,165
Carabao,Class C,April,2024,150
Carabao,Class C,May,2024,110
Carabao,Class D,January,2014,75
Carabao,Class D,February,2014,70
Carabao,Class D,March,2014,70
Carabao,Class D,April,2014,70
Carabao,Class D,May,2014,62.5
Carabao,Class D,June,2014,65
Carabao,Class D,July,2014,85
Carabao,Class D,August,2014,100
Carabao,Class D,September,2014,100
Carabao,Class D,October,2014,105
Carabao,Class D,November,2014,100
Carabao,Class D,December,2014,100
Carabao,Class D,January,2015,92.5
Carabao,Class D,February,2015,92.5
Carabao,Class D,March,2015,92.5
Carabao,Class D,April,2015,72.5
Carabao,Class D,May,2015,55
Carabao,Class D,June,2015,50
Carabao,Class D,July,2015,55
Carabao,Class D,August,2015,90
Carabao,Class D,September,2015,120
Carabao,Class D,October,2015,127.5
Carabao,Class D,November,2015,120
Carabao,Class D,December,2015,120
Carabao,Class D,January,2016,135
Carabao,Class D,February,2016,90
Carabao,Class D,March,2016,97.5
Carabao,Class D,April,2016,97.5
Carabao,Class D,May,2016,82.5
Carabao,Class D,June,2016,82.5
Carabao,Class D,July,2016,92.5
Carabao,Class D,August,2016,127.5
Carabao,Class D,September,2016,157.5
Carabao,Class D,October,2016,185
Carabao,Class D,November,2016,140
Carabao,Class D,December,2016,135
Carabao,Class D,January,2017,112.5
Carabao,Class D,February,2017,100
Carabao,Class D,March,2017,115
Carabao,Class D,April,2017,105
Carabao,Class D,May,2017,105
Carabao,Class D,June,2017,90
Carabao,Class D,July,2017,101.25
Carabao,Class D,August,2017,120
Carabao,Class D,September,2017,127.5
Carabao,Class D,October,2017,125
Carabao,Class D,November,2017,135
Carabao,Class D,December,2017,150
Carabao,Class D,January,2018,170
Carabao,Class D,February,2018,170
Carabao,Class D,March,2018,170
Carabao,Class D,April,2018,120
Carabao,Class D,May,2018,120
Carabao,Class D,June,2018,102.5
Carabao,Class D,July,2018,102.5
Carabao,Class D,August,2018,102.5
Carabao,Class D,September,2018,102.5
Carabao,Class D,October,2018,137.5
Carabao,Class D,November,2018,157.5
Carabao,Class D,December,2018,137.5
Carabao,Class D,January,2019,130
Carabao,Class D,February,2019,125
Carabao,Class D,March,2019,122.5
Carabao,Class D,April,2019,125
Carabao,Class D,May,2019,105
Carabao,Class D,June,2019,85
Carabao,Class D,July,2019,135
Carabao,Class D,August,2019,187.5
Carabao,Class D,September,2019,212.5
Carabao,Class D,October,2019,162.5
Carabao,Class D,November,2019,177.5
Carabao,Class D,December,2019,152.5
Carabao,Class D,January,2020,152.5
Carabao,Class D,February,2020,150
Carabao,Class D,March,2020,152.5
Carabao,Class D,April,2020,160
Carabao,Class D,May,2020,148.75
Carabao,Class D,June,2020,105
Carabao,Class D,July,2020,132.5
Carabao,Class D,August,2020,143.75
Carabao,Class D,September,2020,157.5
Carabao,Class D,October,2020,157.5
Carabao,Class D,November,2020,150
Carabao,Class D,December,2020,162.5
Carabao,Class D,January,2021,225
Carabao,Class D,February,2021,170
Carabao,Class D,March,2021,155
Carabao,Class D,April,2021,151.25
Carabao,Class D,May,2021,145
Carabao,Class D,June,2021,110
Carabao,Class D,July,2021,152.5
Carabao,Class D,August,2021,180
Carabao,Class D,September,2021,180
Carabao,Class D,October,2021,180
Carabao,Class D,November,2021,177.5
Carabao,Class D,December,2021,180
Carabao,Class D,January,2022,180
Carabao,Class D,February,2022,180
Carabao,Class D,March,2022,142.5
Carabao,Class D,April,2022,125
Carabao,Class D,May,2022,122.5
Carabao,Class D,June,2022,135
Carabao,Class D,July,2022,200
Carabao,Class D,August,2022,205
Carabao,Class D,September,2022,220
Carabao,Class D,October,2022,190
Carabao,Class D,November,2022,180
Carabao,Class D,December,2022,180
Carabao,Class D,January,2023,180
Carabao,Class D,February,2023,180
Carabao,Class D,March,2023,185
Carabao,Class D,April,2023,180
Carabao,Class D,May,2023,155
Carabao,Class D,June,2023,152.5
Carabao,Class D,July,2023,170
Carabao,Class D,August,2023,152.5
Carabao,Class D,September,2023,280
Carabao,Class D,October,2023,212.5
Carabao,Class D,November,2023,185
Carabao,Class D,December,2023,185
Carabao,Class D,January,2024,185
Carabao,Class D,February,2024,180
Carabao,Class D,March,2024,157.5
Carabao,Class D,April,2024,150
Carabao,Class D,May,2024,105
Carabao,Class E,January,2014,70
Carabao,Class E,February,2014,70
Carabao,Class E,March,2014,70
Carabao,Class E,April,2014,70
Carabao,Class E,May,2014,60
Carabao,Class E,June,2014,60
Carabao,Class E,July,2014,80
Carabao,Class E,August,2014,100
Carabao,Class E,September,2014,100
Carabao,Class E,October,2014,100
Carabao,Class E,November,2014,100
Carabao,Class E,December,2014,100
Carabao,Class E,January,2015,90
Carabao,Class E,February,2015,90
Carabao,Class E,March,2015,90
Carabao,Class E,April,2015,70
Carabao,Class E,May,2015,50
Carabao,Class E,June,2015,50
Carabao,Class E,July,2015,50
Carabao,Class E,August,2015,80
Carabao,Class E,September,2015,120
Carabao,Class E,October,2015,120
Carabao,Class E,November,2015,120
Carabao,Class E,December,2015,120
Carabao,Class E,January,2016,120
Carabao,Class E,February,2016,80
Carabao,Class E,March,2016,90
Carabao,Class E,April,2016,90
Carabao,Class E,May,2016,80
Carabao,Class E,June,2016,80
Carabao,Class E,July,2016,90
Carabao,Class E,August,2016,120
Carabao,Class E,September,2016,150
Carabao,Class E,October,2016,180
Carabao,Class E,November,2016,120
Carabao,Class E,December,2016,120
Carabao,Class E,January,2017,90
Carabao,Class E,February,2017,100
Carabao,Class E,March,2017,100
Carabao,Class E,April,2017,100
Carabao,Class E,May,2017,95
Carabao,Class E,June,2017,90
Carabao,Class E,July,2017,95
Carabao,Class E,August,2017,120
Carabao,Class E,September,2017,120
Carabao,Class E,October,2017,120
Carabao,Class E,November,2017,120
Carabao,Class E,December,2017,140
Carabao,Class E,January,2018,160
Carabao,Class E,February,2018,160
Carabao,Class E,March,2018,160
Carabao,Class E,April,2018,120
Carabao,Class E,May,2018,120
Carabao,Class E,June,2018,100
Carabao,Class E,July,2018,100
Carabao,Class E,August,2018,100
Carabao,Class E,September,2018,100
Carabao,Class E,October,2018,130
Carabao,Class E,November,2018,150
Carabao,Class E,December,2018,130
Carabao,Class E,January,2019,120
Carabao,Class E,February,2019,120
Carabao,Class E,March,2019,120
Carabao,Class E,April,2019,120
Carabao,Class E,May,2019,100
Carabao,Class E,June,2019,80
Carabao,Class E,July,2019,100
Carabao,Class E,August,2019,170
Carabao,Class E,September,2019,200
Carabao,Class E,October,2019,150
Carabao,Class E,November,2019,170
Carabao,Class E,December,2019,150
Carabao,Class E,January,2020,150
Carabao,Class E,February,2020,150
Carabao,Class E,March,2020,150
Carabao,Class E,April,2020,160
Carabao,Class E,May,2020,145
Carabao,Class E,June,2020,100
Carabao,Class E,July,2020,130
Carabao,Class E,August,2020,140
Carabao,Class E,September,2020,150
Carabao,Class E,October,2020,150
Carabao,Class E,November,2020,150
Carabao,Class E,December,2020,150
Carabao,Class E,January,2021,200
Carabao,Class E,February,2021,160
Carabao,Class E,March,2021,150
Carabao,Class E,April,2021,150
Carabao,Class E,May,2021,140
Carabao,Class E,June,2021,100
Carabao,Class E,July,2021,150
Carabao,Class E,August,2021,180
Carabao,Class E,September,2021,180
Carabao,Class E,October,2021,180
Carabao,Class E,November,2021,170
Carabao,Class E,December,2021,180
Carabao,Class E,January,2022,180
Carabao,Class E,February,2022,180
Carabao,Class E,March,2022,140
Carabao,Class E,April,2022,120
Carabao,Class E,May,2022,120
Carabao,Class E,June,2022,120
Carabao,Class E,July,2022,200
Carabao,Class E,August,2022,200
Carabao,Class E,September,2022,220
Carabao,Class E,October,2022,180
Carabao,Class E,November,2022,180
Carabao,Class E,December,2022,180
Carabao,Class E,January,2023,180
Carabao,Class E,February,2023,180
Carabao,Class E,March,2023,180
Carabao,Class E,April,2023,180
Carabao,Class E,May,2023,150
Carabao,Class E,June,2023,150
Carabao,Class E,July,2023,160
Carabao,Class E,August,2023,150
Carabao,Class E,September,2023,280
Carabao,Class E,October,2023,190
Carabao,Class E,November,2023,180
Carabao,Class E,December,2023,180
Carabao,Class E,January,2024,180
Carabao,Class E,February,2024,180
Carabao,Class E,March,2024,150
Carabao,Class E,April,2024,150
Carabao,Class E,May,2024,100
Indian,Class A,January,2014,101
Indian,Class A,February,2014,79
Indian,Class A,March,2014,79
Indian,Class A,April,2014,79
Indian,Class A,May,2014,79
Indian,Class A,June,2014,90
Indian,Class A,July,2014,112
Indian,Class A,August,2014,112
Indian,Class A,September,2014,112
Indian,Class A,October,2014,135
Indian,Class A,November,2014,112
Indian,Class A,December,2014,112
Indian,Class A,January,2015,112
Indian,Class A,February,2015,112
Indian,Class A,March,2015,112
Indian,Class A,April,2015,90
Indian,Class A,May,2015,79
Indian,Class A,June,2015,56
Indian,Class A,July,2015,79
Indian,Class A,August,2015,135
Indian,Class A,September,2015,135
Indian,Class A,October,2015,168
Indian,Class A,November,2015,135
Indian,Class A,December,2015,135
Indian,Class A,January,2016,202
Indian,Class A,February,2016,135
Indian,Class A,March,2016,135
Indian,Class A,April,2016,135
Indian,Class A,May,2016,101
Indian,Class A,June,2016,101
Indian,Class A,July,2016,112
Indian,Class A,August,2016,168
Indian,Class A,September,2016,202
Indian,Class A,October,2016,225
Indian,Class A,November,2016,225
Indian,Class A,December,2016,202
Indian,Class A,January,2017,202
Indian,Class A,February,2017,112
Indian,Class A,March,2017,180
Indian,Class A,April,2017,135
Indian,Class A,May,2017,152
Indian,Class A,June,2017,101
Indian,Class A,July,2017,135
Indian,Class A,August,2017,135
Indian,Class A,September,2017,168
Indian,Class A,October,2017,157
Indian,Class A,November,2017,202
Indian,Class A,December,2017,202
Indian,Class A,January,2018,225
Indian,Class A,February,2018,225
Indian,Class A,March,2018,225
Indian,Class A,April,2018,135
Indian,Class A,May,2018,135
Indian,Class A,June,2018,124
Indian,Class A,July,2018,124
Indian,Class A,August,2018,124
Indian,Class A,September,2018,124
Indian,Class A,October,2018,180
Indian,Class A,November,2018,202
Indian,Class A,December,2018,180
Indian,Class A,January,2019,180
Indian,Class A,February,2019,157
Indian,Class A,March,2019,146
Indian,Class A,April,2019,157
Indian,Class A,May,2019,135
Indian,Class A,June,2019,112
Indian,Class A,July,2019,270
Indian,Class A,August,2019,270
Indian,Class A,September,2019,281
Indian,Class A,October,2019,225
Indian,Class A,November,2019,225
Indian,Class A,December,2019,180
Indian,Class A,January,2020,180
Indian,Class A,February,2020,168
Indian,Class A,March,2020,180
Indian,Class A,April,2020,180
Indian,Class A,May,2020,180
Indian,Class A,June,2020,135
Indian,Class A,July,2020,157
Indian,Class A,August,2020,174
Indian,Class A,September,2020,202
Indian,Class A,October,2020,202
Indian,Class A,November,2020,168
Indian,Class A,December,2020,225
Indian,Class A,January,2021,337
Indian,Class A,February,2021,225
Indian,Class A,March,2021,191
Indian,Class A,April,2021,174
Indian,Class A,May,2021,180
Indian,Class A,June,2021,112
Indian,Class A,July,2021,180
Indian,Class A,August,2021,202
Indian,Class A,September,2021,202
Indian,Class A,October,2021,202
Indian,Class A,November,2021,225
Indian,Class A,December,2021,202
Indian,Class A,January,2022,202
Indian,Class A,February,2022,202
Indian,Class A,March,2022,168
Indian,Class A,April,2022,157
Indian,Class A,May,2022,146
Indian,Class A,June,2022,202
Indian,Class A,July,2022,225
Indian,Class A,August,2022,225
Indian,Class A,September,2022,225
Indian,Class A,October,2022,247
Indian,Class A,November,2022,202
Indian,Class A,December,2022,202
Indian,Class A,January,2023,202
Indian,Class A,February,2023,202
Indian,Class A,March,2023,225
Indian,Class A,April,2023,202
Indian,Class A,May,2023,191
Indian,Class A,June,2023,180
Indian,Class A,July,2023,225
Indian,Class A,August,2023,168
Indian,Class A,September,2023,314
Indian,Class A,October,2023,314
Indian,Class A,November,2023,225
Indian,Class A,December,2023,225
Indian,Class A,January,2024,225
Indian,Class A,February,2024,202
Indian,Class A,March,2024,202
Indian,Class A,April,2024,168
Indian,Class A,May,2024,135
Indian,Class B,January,2014,95.5
Indian,Class B,February,2014,79
Indian,Class B,March,2014,79
Indian,Class B,April,2014,79
Indian,Class B,May,2014,76
Indian,Class B,June,2014,84.25
Indian,Class B,July,2014,106.5
Indian,Class B,August,2014,112
Indian,Class B,September,2014,112
Indian,Class B,October,2014,129.25
Indian,Class B,November,2014,112
Indian,Class B,December,2014,112
Indian,Class B,January,2015,109.25
Indian,Class B,February,2015,109.25
Indian,Class B,March,2015,109.25
Indian,Class B,April,2015,87.25
Indian,Class B,May,2015,73.25
Indian,Class B,June,2015,56
Indian,Class B,July,2015,73.25
Indian,Class B,August,2015,123.75
Indian,Class B,September,2015,135
Indian,Class B,October,2015,159.75
Indian,Class B,November,2015,135
Indian,Class B,December,2015,135
Indian,Class B,January,2016,185.25
Indian,Class B,February,2016,123.75
Indian,Class B,March,2016,123.75
Indian,Class B,April,2016,126.5
Indian,Class B,May,2016,98.25
Indian,Class B,June,2016,98.25
Indian,Class B,July,2016,109.25
Indian,Class B,August,2016,159.75
Indian,Class B,September,2016,193.5
Indian,Class B,October,2016,219.25
Indian,Class B,November,2016,202.5
Indian,Class B,December,2016,185.25
Indian,Class B,January,2017,176.75
Indian,Class B,February,2017,112
Indian,Class B,March,2017,163
Indian,Class B,April,2017,129.25
Indian,Class B,May,2017,140.75
Indian,Class B,June,2017,101
Indian,Class B,July,2017,128
Indian,Class B,August,2017,135
Indian,Class B,September,2017,159.75
Indian,Class B,October,2017,151.5
Indian,Class B,November,2017,185.25
Indian,Class B,December,2017,190.75
Indian,Class B,January,2018,213.75
Indian,Class B,February,2018,238.75
Indian,Class B,March,2018,213.75
Indian,Class B,April,2018,135
Indian,Class B,May,2018,135
Indian,Class B,June,2018,121
Indian,Class B,July,2018,121
Indian,Class B,August,2018,121
Indian,Class B,September,2018,121
Indian,Class B,October,2018,171.5
Indian,Class B,November,2018,193.5
Indian,Class B,December,2018,171.5
Indian,Class B,January,2019,168.75
Indian,Class B,February,2019,151.5
Indian,Class B,March,2019,143.25
Indian,Class B,April,2019,151.5
Indian,Class B,May,2019,129.25
Indian,Class B,June,2019,106.5
Indian,Class B,July,2019,230.5
Indian,Class B,August,2019,250.25
Indian,Class B,September,2019,267
Indian,Class B,October,2019,210.75
Indian,Class B,November,2019,216.5
Indian,Class B,December,2019,177
Indian,Class B,January,2020,177
Indian,Class B,February,2020,168
Indian,Class B,March,2020,177
Indian,Class B,April,2020,180
Indian,Class B,May,2020,175.5
Indian,Class B,June,2020,129.25
Indian,Class B,July,2020,154.25
Indian,Class B,August,2020,169.75
Indian,Class B,September,2020,193.5
Indian,Class B,October,2020,193.5
Indian,Class B,November,2020,168
Indian,Class B,December,2020,185.75
Indian,Class B,January,2021,309
Indian,Class B,February,2021,213.75
Indian,Class B,March,2021,185.25
Indian,Class B,April,2021,172.5
Indian,Class B,May,2021,174.25
Indian,Class B,June,2021,123.25
Indian,Class B,July,2021,177
Indian,Class B,August,2021,202
Indian,Class B,September,2021,202
Indian,Class B,October,2021,202
Indian,Class B,November,2021,216.5
Indian,Class B,December,2021,202
Indian,Class B,January,2022,202
Indian,Class B,February,2022,202
Indian,Class B,March,2022,165.25
Indian,Class B,April,2022,151.5
Indian,Class B,May,2022,143.25
Indian,Class B,June,2022,185.25
Indian,Class B,July,2022,225
Indian,Class B,August,2022,225
Indian,Class B,September,2022,225
Indian,Class B,October,2022,235.75
Indian,Class B,November,2022,202
Indian,Class B,December,2022,202
Indian,Class B,January,2023,202
Indian,Class B,February,2023,202
Indian,Class B,March,2023,219.25
Indian,Class B,April,2023,202
Indian,Class B,May,2023,185.25
Indian,Class B,June,2023,177
Indian,Class B,July,2023,213.75
Indian,Class B,August,2023,171
Indian,Class B,September,2023,314
Indian,Class B,October,2023,288.75
Indian,Class B,November,2023,219.25
Indian,Class B,December,2023,219.25
Indian,Class B,January,2024,219.25
Indian,Class B,February,2024,202
Indian,Class B,March,2024,218.5
Indian,Class B,April,2024,168
Indian,Class B,May,2024,129.25
Indian,Class C,January,2014,90
Indian,Class C,February,2014,79
Indian,Class C,March,2014,79
Indian,Class C,April,2014,79
Indian,Class C,May,2014,73
Indian,Class C,June,2014,78.5
Indian,Class C,July,2014,101
Indian,Class C,August,2014,112
Indian,Class C,September,2014,112
Indian,Class C,October,2014,123.5
Indian,Class C,November,2014,112
Indian,Class C,December,2014,112
Indian,Class C,January,2015,106.5
Indian,Class C,February,2015,106.5
Indian,Class C,March,2015,106.5
Indian,Class C,April,2015,84.5
Indian,Class C,May,2015,67.5
Indian,Class C,June,2015,56
Indian,Class C,July,2015,67.5
Indian,Class C,August,2015,112.5
Indian,Class C,September,2015,135
Indian,Class C,October,2015,151.5
Indian,Class C,November,2015,135
Indian,Class C,December,2015,135
Indian,Class C,January,2016,168.5
Indian,Class C,February,2016,112.5
Indian,Class C,March,2016,112.5
Indian,Class C,April,2016,118
Indian,Class C,May,2016,95.5
Indian,Class C,June,2016,95.5
Indian,Class C,July,2016,106.5
Indian,Class C,August,2016,151.5
Indian,Class C,September,2016,185
Indian,Class C,October,2016,213.5
Indian,Class C,November,2016,180
Indian,Class C,December,2016,168.5
Indian,Class C,January,2017,151.5
Indian,Class C,February,2017,112
Indian,Class C,March,2017,146
Indian,Class C,April,2017,123.5
Indian,Class C,May,2017,129.5
Indian,Class C,June,2017,101
Indian,Class C,July,2017,121
Indian,Class C,August,2017,135
Indian,Class C,September,2017,151.5
Indian,Class C,October,2017,146
Indian,Class C,November,2017,168.5
Indian,Class C,December,2017,179.5
Indian,Class C,January,2018,202.5
Indian,Class C,February,2018,252.5
Indian,Class C,March,2018,202.5
Indian,Class C,April,2018,135
Indian,Class C,May,2018,135
Indian,Class C,June,2018,118
Indian,Class C,July,2018,118
Indian,Class C,August,2018,118
Indian,Class C,September,2018,118
Indian,Class C,October,2018,163
Indian,Class C,November,2018,185
Indian,Class C,December,2018,163
Indian,Class C,January,2019,157.5
Indian,Class C,February,2019,146
Indian,Class C,March,2019,140.5
Indian,Class C,April,2019,146
Indian,Class C,May,2019,123.5
Indian,Class C,June,2019,101
Indian,Class C,July,2019,191
Indian,Class C,August,2019,230.5
Indian,Class C,September,2019,253
Indian,Class C,October,2019,196.5
Indian,Class C,November,2019,208
Indian,Class C,December,2019,174
Indian,Class C,January,2020,174
Indian,Class C,February,2020,168
Indian,Class C,March,2020,174
Indian,Class C,April,2020,180
Indian,Class C,May,2020,171
Indian,Class C,June,2020,123.5
Indian,Class C,July,2020,151.5
Indian,Class C,August,2020,165.5
Indian,Class C,September,2020,185
Indian,Class C,October,2020,185
Indian,Class C,November,2020,168
Indian,Class C,December,2020,146.5
Indian,Class C,January,2021,281
Indian,Class C,February,2021,202.5
Indian,Class C,March,2021,179.5
Indian,Class C,April,2021,171
Indian,Class C,May,2021,168.5
Indian,Class C,June,2021,134.5
Indian,Class C,July,2021,174
Indian,Class C,August,2021,202
Indian,Class C,September,2021,202
Indian,Class C,October,2021,202
Indian,Class C,November,2021,208
Indian,Class C,December,2021,202
Indian,Class C,January,2022,202
Indian,Class C,February,2022,202
Indian,Class C,March,2022,162.5
Indian,Class C,April,2022,146
Indian,Class C,May,2022,140.5
Indian,Class C,June,2022,168.5
Indian,Class C,July,2022,225
Indian,Class C,August,2022,225
Indian,Class C,September,2022,225
Indian,Class C,October,2022,224.5
Indian,Class C,November,2022,202
Indian,Class C,December,2022,202
Indian,Class C,January,2023,202
Indian,Class C,February,2023,202
Indian,Class C,March,2023,213.5
Indian,Class C,April,2023,202
Indian,Class C,May,2023,179.5
Indian,Class C,June,2023,174
Indian,Class C,July,2023,202.5
Indian,Class C,August,2023,174
Indian,Class C,September,2023,314
Indian,Class C,October,2023,263.5
Indian,Class C,November,2023,213.5
Indian,Class C,December,2023,213.5
Indian,Class C,January,2024,213.5
Indian,Class C,February,2024,202
Indian,Class C,March,2024,235
Indian,Class C,April,2024,168
Indian,Class C,May,2024,123.5
Indian,Class D,January,2014,84.5
Indian,Class D,February,2014,79
Indian,Class D,March,2014,79
Indian,Class D,April,2014,79
Indian,Class D,May,2014,70
Indian,Class D,June,2014,72.75
Indian,Class D,July,2014,95.5
Indian,Class D,August,2014,112
Indian,Class D,September,2014,112
Indian,Class D,October,2014,117.75
Indian,Class D,November,2014,112
Indian,Class D,December,2014,112
Indian,Class D,January,2015,103.75
Indian,Class D,February,2015,103.75
Indian,Class D,March,2015,103.75
Indian,Class D,April,2015,81.75
Indian,Class D,May,2015,61.75
Indian,Class D,June,2015,56
Indian,Class D,July,2015,61.75
Indian,Class D,August,2015,101.25
Indian,Class D,September,2015,135
Indian,Class D,October,2015,143.25
Indian,Class D,November,2015,135
Indian,Class D,December,2015,135
Indian,Class D,January,2016,151.75
Indian,Class D,February,2016,101.25
Indian,Class D,March,2016,101.25
Indian,Class D,April,2016,109.5
Indian,Class D,May,2016,92.75
Indian,Class D,June,2016,92.75
Indian,Class D,July,2016,103.75
Indian,Class D,August,2016,143.25
Indian,Class D,September,2016,176.5
Indian,Class D,October,2016,207.75
Indian,Class D,November,2016,157.5
Indian,Class D,December,2016,151.75
Indian,Class D,January,2017,126.25
Indian,Class D,February,2017,112
Indian,Class D,March,2017,129
Indian,Class D,April,2017,117.75
Indian,Class D,May,2017,118.25
Indian,Class D,June,2017,101
Indian,Class D,July,2017,114
Indian,Class D,August,2017,135
Indian,Class D,September,2017,143.25
Indian,Class D,October,2017,140.5
Indian,Class D,November,2017,151.75
Indian,Class D,December,2017,168.25
Indian,Class D,January,2018,191.25
Indian,Class D,February,2018,266.25
Indian,Class D,March,2018,191.25
Indian,Class D,April,2018,135
Indian,Class D,May,2018,135
Indian,Class D,June,2018,115
Indian,Class D,July,2018,115
Indian,Class D,August,2018,115
Indian,Class D,September,2018,115
Indian,Class D,October,2018,154.5
Indian,Class D,November,2018,176.5
Indian,Class D,December,2018,154.5
Indian,Class D,January,2019,146.25
Indian,Class D,February,2019,140.5
Indian,Class D,March,2019,137.75
Indian,Class D,April,2019,140.5
Indian,Class D,May,2019,117.75
Indian,Class D,June,2019,95.5
Indian,Class D,July,2019,151.5
Indian,Class D,August,2019,210.75
Indian,Class D,September,2019,239
Indian,Class D,October,2019,182.25
Indian,Class D,November,2019,199.5
Indian,Class D,December,2019,171
Indian,Class D,January,2020,171
Indian,Class D,February,2020,168
Indian,Class D,March,2020,171
Indian,Class D,April,2020,180
Indian,Class D,May,2020,166.5
Indian,Class D,June,2020,117.75
Indian,Class D,July,2020,148.75
Indian,Class D,August,2020,161.25
Indian,Class D,September,2020,176.5
Indian,Class D,October,2020,176.5
Indian,Class D,November,2020,168
Indian,Class D,December,2020,107.25
Indian,Class D,January,2021,253
Indian,Class D,February,2021,191.25
Indian,Class D,March,2021,173.75
Indian,Class D,April,2021,169.5
Indian,Class D,May,2021,162.75
Indian,Class D,June,2021,145.75
Indian,Class D,July,2021,171
Indian,Class D,August,2021,202
Indian,Class D,September,2021,202
Indian,Class D,October,2021,202
Indian,Class D,November,2021,199.5
Indian,Class D,December,2021,202
Indian,Class D,January,2022,202
Indian,Class D,February,2022,202
Indian,Class D,March,2022,159.75
Indian,Class D,April,2022,140.5
Indian,Class D,May,2022,137.75
Indian,Class D,June,2022,151.75
Indian,Class D,July,2022,225
Indian,Class D,August,2022,225
Indian,Class D,September,2022,225
Indian,Class D,October,2022,213.25
Indian,Class D,November,2022,202
Indian,Class D,December,2022,202
Indian,Class D,January,2023,202
Indian,Class D,February,2023,202
Indian,Class D,March,2023,207.75
Indian,Class D,April,2023,202
Indian,Class D,May,2023,173.75
Indian,Class D,June,2023,171
Indian,Class D,July,2023,191.25
Indian,Class D,August,2023,177
Indian,Class D,September,2023,314
Indian,Class D,October,2023,238.25
Indian,Class D,November,2023,207.75
Indian,Class D,December,2023,207.75
Indian,Class D,January,2024,207.75
Indian,Class D,February,2024,202
Indian,Class D,March,2024,251.5
Indian,Class D,April,2024,168
Indian,Class D,May,2024,117.75
Indian,Class E,January,2014,79
Indian,Class E,February,2014,79
Indian,Class E,March,2014,79
Indian,Class E,April,2014,79
Indian,Class E,May,2014,67
Indian,Class E,June,2014,67
Indian,Class E,July,2014,90
Indian,Class E,August,2014,112
Indian,Class E,September,2014,112
Indian,Class E,October,2014,112
Indian,Class E,November,2014,112
Indian,Class E,December,2014,112
Indian,Class E,January,2015,101
Indian,Class E,February,2015,101
Indian,Class E,March,2015,101
Indian,Class E,April,2015,79
Indian,Class E,May,2015,56
Indian,Class E,June,2015,56
Indian,Class E,July,2015,56
Indian,Class E,August,2015,90
Indian,Class E,September,2015,135
Indian,Class E,October,2015,135
Indian,Class E,November,2015,135
Indian,Class E,December,2015,135
Indian,Class E,January,2016,135
Indian,Class E,February,2016,90
Indian,Class E,March,2016,90
Indian,Class E,April,2016,101
Indian,Class E,May,2016,90
Indian,Class E,June,2016,90
Indian,Class E,July,2016,101
Indian,Class E,August,2016,135
Indian,Class E,September,2016,168
Indian,Class E,October,2016,202
Indian,Class E,November,2016,135
Indian,Class E,December,2016,135
Indian,Class E,January,2017,101
Indian,Class E,February,2017,112
Indian,Class E,March,2017,112
Indian,Class E,April,2017,112
Indian,Class E,May,2017,107
Indian,Class E,June,2017,101
Indian,Class E,July,2017,107
Indian,Class E,August,2017,135
Indian,Class E,September,2017,135
Indian,Class E,October,2017,135
Indian,Class E,November,2017,135
Indian,Class E,December,2017,157
Indian,Class E,January,2018,180
Indian,Class E,February,2018,280
Indian,Class E,March,2018,180
Indian,Class E,April,2018,135
Indian,Class E,May,2018,135
Indian,Class E,June,2018,112
Indian,Class E,July,2018,112
Indian,Class E,August,2018,112
Indian,Class E,September,2018,112
Indian,Class E,October,2018,146
Indian,Class E,November,2018,168
Indian,Class E,December,2018,146
Indian,Class E,January,2019,135
Indian,Class E,February,2019,135
Indian,Class E,March,2019,135
Indian,Class E,April,2019,135
Indian,Class E,May,2019,112
Indian,Class E,June,2019,90
Indian,Class E,July,2019,112
Indian,Class E,August,2019,191
Indian,Class E,September,2019,225
Indian,Class E,October,2019,168
Indian,Class E,November,2019,191
Indian,Class E,December,2019,168
Indian,Class E,January,2020,168
Indian,Class E,February,2020,168
Indian,Class E,March,2020,168
Indian,Class E,April,2020,180
Indian,Class E,May,2020,162
Indian,Class E,June,2020,112
Indian,Class E,July,2020,146
Indian,Class E,August,2020,157
Indian,Class E,September,2020,168
Indian,Class E,October,2020,168
Indian,Class E,November,2020,168
Indian,Class E,December,2020,68
Indian,Class E,January,2021,225
Indian,Class E,February,2021,180
Indian,Class E,March,2021,168
Indian,Class E,April,2021,168
Indian,Class E,May,2021,157
Indian,Class E,June,2021,157
Indian,Class E,July,2021,168
Indian,Class E,August,2021,202
Indian,Class E,September,2021,202
Indian,Class E,October,2021,202
Indian,Class E,November,2021,191
Indian,Class E,December,2021,202
Indian,Class E,January,2022,202
Indian,Class E,February,2022,202
Indian,Class E,March,2022,157
Indian,Class E,April,2022,135
Indian,Class E,May,2022,135
Indian,Class E,June,2022,135
Indian,Class E,July,2022,225
Indian,Class E,August,2022,225
Indian,Class E,September,2022,225
Indian,Class E,October,2022,202
Indian,Class E,November,2022,202
Indian,Class E,December,2022,202
Indian,Class E,January,2023,202
Indian,Class E,February,2023,202
Indian,Class E,March,2023,202
Indian,Class E,April,2023,202
Indian,Class E,May,2023,168
Indian,Class E,June,2023,168
Indian,Class E,July,2023,180
Indian,Class E,August,2023,180
Indian,Class E,September,2023,314
Indian,Class E,October,2023,213
Indian,Class E,November,2023,202
Indian,Class E,December,2023,202
Indian,Class E,January,2024,202
Indian,Class E,February,2024,202
Indian,Class E,March,2024,268
Indian,Class E,April,2024,168
Indian,Class E,May,2024,112
Pico,Class A,January,2014,105
Pico,Class A,February,2014,82
Pico,Class A,March,2014,82
Pico,Class A,April,2014,82
Pico,Class A,May,2014,82
Pico,Class A,June,2014,93
Pico,Class A,July,2014,117
Pico,Class A,August,2014,117
Pico,Class A,September,2014,117
Pico,Class A,October,2014,140
Pico,Class A,November,2014,117
Pico,Class A,December,2014,117
Pico,Class A,January,2015,117
Pico,Class A,February,2015,117
Pico,Class A,March,2015,117
Pico,Class A,April,2015,93
Pico,Class A,May,2015,82
Pico,Class A,June,2015,58
Pico,Class A,July,2015,82
Pico,Class A,August,2015,140
Pico,Class A,September,2015,140
Pico,Class A,October,2015,175
Pico,Class A,November,2015,140
Pico,Class A,December,2015,140
Pico,Class A,January,2016,210
Pico,Class A,February,2016,140
Pico,Class A,March,2016,140
Pico,Class A,April,2016,140
Pico,Class A,May,2016,105
Pico,Class A,June,2016,105
Pico,Class A,July,2016,117
Pico,Class A,August,2016,175
Pico,Class A,September,2016,210
Pico,Class A,October,2016,233
Pico,Class A,November,2016,233
Pico,Class A,December,2016,210
Pico,Class A,January,2017,245
Pico,Class A,February,2017,117
Pico,Class A,March,2017,187
Pico,Class A,April,2017,140
Pico,Class A,May,2017,157
Pico,Class A,June,2017,105
Pico,Class A,July,2017,140
Pico,Class A,August,2017,140
Pico,Class A,September,2017,175
Pico,Class A,October,2017,163
Pico,Class A,November,2017,245
Pico,Class A,December,2017,245
Pico,Class A,January,2018,233
Pico,Class A,February,2018,233
Pico,Class A,March,2018,233
Pico,Class A,April,2018,140
Pico,Class A,May,2018,140
Pico,Class A,June,2018,128
Pico,Class A,July,2018,128
Pico,Class A,August,2018,128
Pico,Class A,September,2018,128
Pico,Class A,October,2018,187
Pico,Class A,November,2018,245
Pico,Class A,December,2018,187
Pico,Class A,January,2019,187
Pico,Class A,February,2019,163
Pico,Class A,March,2019,152
Pico,Class A,April,2019,163
Pico,Class A,May,2019,140
Pico,Class A,June,2019,117
Pico,Class A,July,2019,280
Pico,Class A,August,2019,280
Pico,Class A,September,2019,292
Pico,Class A,October,2019,233
Pico,Class A,November,2019,233
Pico,Class A,December,2019,187
Pico,Class A,January,2020,187
Pico,Class A,February,2020,175
Pico,Class A,March,2020,187
Pico,Class A,April,2020,187
Pico,Class A,May,2020,187
Pico,Class A,June,2020,140
Pico,Class A,July,2020,163
Pico,Class A,August,2020,181
Pico,Class A,September,2020,210
Pico,Class A,October,2020,210
Pico,Class A,November,2020,175
Pico,Class A,December,2020,233
Pico,Class A,January,2021,350
Pico,Class A,February,2021,233
Pico,Class A,March,2021,198
Pico,Class A,April,2021,181
Pico,Class A,May,2021,187
Pico,Class A,June,2021,163
Pico,Class A,July,2021,187
Pico,Class A,August,2021,210
Pico,Class A,September,2021,210
Pico,Class A,October,2021,210
Pico,Class A,November,2021,233
Pico,Class A,December,2021,210
Pico,Class A,January,2022,210
Pico,Class A,February,2022,210
Pico,Class A,March,2022,175
Pico,Class A,April,2022,163
Pico,Class A,May,2022,151
Pico,Class A,June,2022,210
Pico,Class A,July,2022,233
Pico,Class A,August,2022,257
Pico,Class A,September,2022,257
Pico,Class A,October,2022,257
Pico,Class A,November,2022,210
Pico,Class A,December,2022,210
Pico,Class A,January,2023,210
Pico,Class A,February,2023,210
Pico,Class A,March,2023,233
Pico,Class A,April,2023,210
Pico,Class A,May,2023,198
Pico,Class A,June,2023,187
Pico,Class A,July,2023,233
Pico,Class A,August,2023,187
Pico,Class A,September,2023,327
Pico,Class A,October,2023,327
Pico,Class A,November,2023,233
Pico,Class A,December,2023,233
Pico,Class A,January,2024,233
Pico,Class A,February,2024,210
Pico,Class A,March,2024,210
Pico,Class A,April,2024,175
Pico,Class A,May,2024,140
Pico,Class B,January,2014,99.25
Pico,Class B,February,2014,82
Pico,Class B,March,2014,82
Pico,Class B,April,2014,82
Pico,Class B,May,2014,79
Pico,Class B,June,2014,87.25
Pico,Class B,July,2014,111
Pico,Class B,August,2014,117
Pico,Class B,September,2014,117
Pico,Class B,October,2014,134.25
Pico,Class B,November,2014,117
Pico,Class B,December,2014,117
Pico,Class B,January,2015,114
Pico,Class B,February,2015,114
Pico,Class B,March,2015,114
Pico,Class B,April,2015,90.25
Pico,Class B,May,2015,76
Pico,Class B,June,2015,58
Pico,Class B,July,2015,76
Pico,Class B,August,2015,128.25
Pico,Class B,September,2015,140
Pico,Class B,October,2015,166.25
Pico,Class B,November,2015,140
Pico,Class B,December,2015,140
Pico,Class B,January,2016,192.5
Pico,Class B,February,2016,128.25
Pico,Class B,March,2016,128.25
Pico,Class B,April,2016,131.25
Pico,Class B,May,2016,102
Pico,Class B,June,2016,102
Pico,Class B,July,2016,114
Pico,Class B,August,2016,166.25
Pico,Class B,September,2016,201.25
Pico,Class B,October,2016,227.25
Pico,Class B,November,2016,209.75
Pico,Class B,December,2016,192.5
Pico,Class B,January,2017,210
Pico,Class B,February,2017,117
Pico,Class B,March,2017,169.5
Pico,Class B,April,2017,134.25
Pico,Class B,May,2017,145.5
Pico,Class B,June,2017,105
Pico,Class B,July,2017,132.75
Pico,Class B,August,2017,140
Pico,Class B,September,2017,166.25
Pico,Class B,October,2017,157.25
Pico,Class B,November,2017,218.75
Pico,Class B,December,2017,224.5
Pico,Class B,January,2018,221.5
Pico,Class B,February,2018,221.5
Pico,Class B,March,2018,221.5
Pico,Class B,April,2018,140
Pico,Class B,May,2018,140
Pico,Class B,June,2018,125.25
Pico,Class B,July,2018,125.25
Pico,Class B,August,2018,125.25
Pico,Class B,September,2018,125.25
Pico,Class B,October,2018,178.25
Pico,Class B,November,2018,227.5
Pico,Class B,December,2018,178.25
Pico,Class B,January,2019,175.25
Pico,Class B,February,2019,157.25
Pico,Class B,March,2019,149
Pico,Class B,April,2019,157.25
Pico,Class B,May,2019,134.25
Pico,Class B,June,2019,111.25
Pico,Class B,July,2019,245
Pico,Class B,August,2019,259.5
Pico,Class B,September,2019,277.25
Pico,Class B,October,2019,218.5
Pico,Class B,November,2019,224.25
Pico,Class B,December,2019,184
Pico,Class B,January,2020,184
Pico,Class B,February,2020,175
Pico,Class B,March,2020,184
Pico,Class B,April,2020,187
Pico,Class B,May,2020,182.5
Pico,Class B,June,2020,134.25
Pico,Class B,July,2020,160.25
Pico,Class B,August,2020,176.5
Pico,Class B,September,2020,201.25
Pico,Class B,October,2020,201.25
Pico,Class B,November,2020,175
Pico,Class B,December,2020,218.5
Pico,Class B,January,2021,320.75
Pico,Class B,February,2021,221.5
Pico,Class B,March,2021,192.25
Pico,Class B,April,2021,179.5
Pico,Class B,May,2021,181
Pico,Class B,June,2021,151.5
Pico,Class B,July,2021,184
Pico,Class B,August,2021,210
Pico,Class B,September,2021,210
Pico,Class B,October,2021,210
Pico,Class B,November,2021,224.25
Pico,Class B,December,2021,210
Pico,Class B,January,2022,210
Pico,Class B,February,2022,210
Pico,Class B,March,2022,172
Pico,Class B,April,2022,157.25
Pico,Class B,May,2022,148.25
Pico,Class B,June,2022,192.5
Pico,Class B,July,2022,233
Pico,Class B,August,2022,251
Pico,Class B,September,2022,257
Pico,Class B,October,2022,245.25
Pico,Class B,November,2022,210
Pico,Class B,December,2022,210
Pico,Class B,January,2023,210
Pico,Class B,February,2023,210
Pico,Class B,March,2023,227.25
Pico,Class B,April,2023,210
Pico,Class B,May,2023,192.25
Pico,Class B,June,2023,184
Pico,Class B,July,2023,221.5
Pico,Class B,August,2023,184
Pico,Class B,September,2023,327
Pico,Class B,October,2023,300.75
Pico,Class B,November,2023,227.25
Pico,Class B,December,2023,227.25
Pico,Class B,January,2024,227.25
Pico,Class B,February,2024,210
Pico,Class B,March,2024,201.25
Pico,Class B,April,2024,175
Pico,Class B,May,2024,134.25
Pico,Class C,January,2014,93.5
Pico,Class C,February,2014,82
Pico,Class C,March,2014,82
Pico,Class C,April,2014,82
Pico,Class C,May,2014,76
Pico,Class C,June,2014,81.5
Pico,Class C,July,2014,105
Pico,Class C,August,2014,117
Pico,Class C,September,2014,117
Pico,Class C,October,2014,128.5
Pico,Class C,November,2014,117
Pico,Class C,December,2014,117
Pico,Class C,January,2015,111
Pico,Class C,February,2015,111
Pico,Class C,March,2015,111
Pico,Class C,April,2015,87.5
Pico,Class C,May,2015,70
Pico,Class C,June,2015,58
Pico,Class C,July,2015,70
Pico,Class C,August,2015,116.5
Pico,Class C,September,2015,140
Pico,Class C,October,2015,157.5
Pico,Class C,November,2015,140
Pico,Class C,December,2015,140
Pico,Class C,January,2016,175
Pico,Class C,February,2016,116.5
Pico,Class C,March,2016,116.5
Pico,Class C,April,2016,122.5
Pico,Class C,May,2016,99
Pico,Class C,June,2016,99
Pico,Class C,July,2016,111
Pico,Class C,August,2016,157.5
Pico,Class C,September,2016,192.5
Pico,Class C,October,2016,221.5
Pico,Class C,November,2016,186.5
Pico,Class C,December,2016,175
Pico,Class C,January,2017,175
Pico,Class C,February,2017,117
Pico,Class C,March,2017,152
Pico,Class C,April,2017,128.5
Pico,Class C,May,2017,134
Pico,Class C,June,2017,105
Pico,Class C,July,2017,125.5
Pico,Class C,August,2017,140
Pico,Class C,September,2017,157.5
Pico,Class C,October,2017,151.5
Pico,Class C,November,2017,192.5
Pico,Class C,December,2017,204
Pico,Class C,January,2018,210
Pico,Class C,February,2018,210
Pico,Class C,March,2018,210
Pico,Class C,April,2018,140
Pico,Class C,May,2018,140
Pico,Class C,June,2018,122.5
Pico,Class C,July,2018,122.5
Pico,Class C,August,2018,122.5
Pico,Class C,September,2018,122.5
Pico,Class C,October,2018,169.5
Pico,Class C,November,2018,210
Pico,Class C,December,2018,169.5
Pico,Class C,January,2019,163.5
Pico,Class C,February,2019,151.5
Pico,Class C,March,2019,146
Pico,Class C,April,2019,151.5
Pico,Class C,May,2019,128.5
Pico,Class C,June,2019,105.5
Pico,Class C,July,2019,210
Pico,Class C,August,2019,239
Pico,Class C,September,2019,262.5
Pico,Class C,October,2019,204
Pico,Class C,November,2019,215.5
Pico,Class C,December,2019,181
Pico,Class C,January,2020,181
Pico,Class C,February,2020,175
Pico,Class C,March,2020,181
Pico,Class C,April,2020,187
Pico,Class C,May,2020,178
Pico,Class C,June,2020,128.5
Pico,Class C,July,2020,157.5
Pico,Class C,August,2020,172
Pico,Class C,September,2020,192.5
Pico,Class C,October,2020,192.5
Pico,Class C,November,2020,175
Pico,Class C,December,2020,204
Pico,Class C,January,2021,291.5
Pico,Class C,February,2021,210
Pico,Class C,March,2021,186.5
Pico,Class C,April,2021,178
Pico,Class C,May,2021,175
Pico,Class C,June,2021,140
Pico,Class C,July,2021,181
Pico,Class C,August,2021,210
Pico,Class C,September,2021,210
Pico,Class C,October,2021,210
Pico,Class C,November,2021,215.5
Pico,Class C,December,2021,210
Pico,Class C,January,2022,210
Pico,Class C,February,2022,210
Pico,Class C,March,2022,169
Pico,Class C,April,2022,151.5
Pico,Class C,May,2022,145.5
Pico,Class C,June,2022,175
Pico,Class C,July,2022,233
Pico,Class C,August,2022,245
Pico,Class C,September,2022,257
Pico,Class C,October,2022,233.5
Pico,Class C,November,2022,210
Pico,Class C,December,2022,210
Pico,Class C,January,2023,210
Pico,Class C,February,2023,210
Pico,Class C,March,2023,221.5
Pico,Class C,April,2023,210
Pico,Class C,May,2023,186.5
Pico,Class C,June,2023,181
Pico,Class C,July,2023,210
Pico,Class C,August,2023,181
Pico,Class C,September,2023,327
Pico,Class C,October,2023,274.5
Pico,Class C,November,2023,221.5
Pico,Class C,December,2023,221.5
Pico,Class C,January,2024,221.5
Pico,Class C,February,2024,210
Pico,Class C,March,2024,192.5
Pico,Class C,April,2024,175
Pico,Class C,May,2024,128.5
Pico,Class D,January,2014,87.75
Pico,Class D,February,2014,82
Pico,Class D,March,2014,82
Pico,Class D,April,2014,82
Pico,Class D,May,2014,73
Pico,Class D,June,2014,75.75
Pico,Class D,July,2014,99
Pico,Class D,August,2014,117
Pico,Class D,September,2014,117
Pico,Class D,October,2014,122.75
Pico,Class D,November,2014,117
Pico,Class D,December,2014,117
Pico,Class D,January,2015,108
Pico,Class D,February,2015,108
Pico,Class D,March,2015,108
Pico,Class D,April,2015,84.75
Pico,Class D,May,2015,64
Pico,Class D,June,2015,58
Pico,Class D,July,2015,64
Pico,Class D,August,2015,104.75
Pico,Class D,September,2015,140
Pico,Class D,October,2015,148.75
Pico,Class D,November,2015,140
Pico,Class D,December,2015,140
Pico,Class D,January,2016,157.5
Pico,Class D,February,2016,104.75
Pico,Class D,March,2016,104.75
Pico,Class D,April,2016,113.75
Pico,Class D,May,2016,96
Pico,Class D,June,2016,96
Pico,Class D,July,2016,108
Pico,Class D,August,2016,148.75
Pico,Class D,September,2016,183.75
Pico,Class D,October,2016,215.75
Pico,Class D,November,2016,163.25
Pico,Class D,December,2016,157.5
Pico,Class D,January,2017,140
Pico,Class D,February,2017,117
Pico,Class D,March,2017,134.5
Pico,Class D,April,2017,122.75
Pico,Class D,May,2017,122.5
Pico,Class D,June,2017,105
Pico,Class D,July,2017,118.25
Pico,Class D,August,2017,140
Pico,Class D,September,2017,148.75
Pico,Class D,October,2017,145.75
Pico,Class D,November,2017,166.25
Pico,Class D,December,2017,183.5
Pico,Class D,January,2018,198.5
Pico,Class D,February,2018,198.5
Pico,Class D,March,2018,198.5
Pico,Class D,April,2018,140
Pico,Class D,May,2018,140
Pico,Class D,June,2018,119.75
Pico,Class D,July,2018,119.75
Pico,Class D,August,2018,119.75
Pico,Class D,September,2018,119.75
Pico,Class D,October,2018,160.75
Pico,Class D,November,2018,192.5
Pico,Class D,December,2018,160.75
Pico,Class D,January,2019,151.75
Pico,Class D,February,2019,145.75
Pico,Class D,March,2019,143
Pico,Class D,April,2019,145.75
Pico,Class D,May,2019,122.75
Pico,Class D,June,2019,99.75
Pico,Class D,July,2019,175
Pico,Class D,August,2019,218.5
Pico,Class D,September,2019,247.75
Pico,Class D,October,2019,189.5
Pico,Class D,November,2019,206.75
Pico,Class D,December,2019,178
Pico,Class D,January,2020,178
Pico,Class D,February,2020,175
Pico,Class D,March,2020,178
Pico,Class D,April,2020,187
Pico,Class D,May,2020,173.5
Pico,Class D,June,2020,122.75
Pico,Class D,July,2020,154.75
Pico,Class D,August,2020,167.5
Pico,Class D,September,2020,183.75
Pico,Class D,October,2020,183.75
Pico,Class D,November,2020,175
Pico,Class D,December,2020,189.5
Pico,Class D,January,2021,262.25
Pico,Class D,February,2021,198.5
Pico,Class D,March,2021,180.75
Pico,Class D,April,2021,176.5
Pico,Class D,May,2021,169
Pico,Class D,June,2021,128.5
Pico,Class D,July,2021,178
Pico,Class D,August,2021,210
Pico,Class D,September,2021,210
Pico,Class D,October,2021,210
Pico,Class D,November,2021,206.75
Pico,Class D,December,2021,210
Pico,Class D,January,2022,210
Pico,Class D,February,2022,210
Pico,Class D,March,2022,166
Pico,Class D,April,2022,145.75
Pico,Class D,May,2022,142.75
Pico,Class D,June,2022,157.5
Pico,Class D,July,2022,233
Pico,Class D,August,2022,239
Pico,Class D,September,2022,257
Pico,Class D,October,2022,221.75
Pico,Class D,November,2022,210
Pico,Class D,December,2022,210
Pico,Class D,January,2023,210
Pico,Class D,February,2023,210
Pico,Class D,March,2023,215.75
Pico,Class D,April,2023,210
Pico,Class D,May,2023,180.75
Pico,Class D,June,2023,178
Pico,Class D,July,2023,198.5
Pico,Class D,August,2023,178
Pico,Class D,September,2023,327
Pico,Class D,October,2023,248.25
Pico,Class D,November,2023,215.75
Pico,Class D,December,2023,215.75
Pico,Class D,January,2024,215.75
Pico,Class D,February,2024,210
Pico,Class D,March,2024,183.75
Pico,Class D,April,2024,175
Pico,Class D,May,2024,122.75
Pico,Class E,January,2014,82
Pico,Class E,February,2014,82
Pico,Class E,March,2014,82
Pico,Class E,April,2014,82
Pico,Class E,May,2014,70
Pico,Class E,June,2014,70
Pico,Class E,July,2014,93
Pico,Class E,August,2014,117
Pico,Class E,September,2014,117
Pico,Class E,October,2014,117
Pico,Class E,November,2014,117
Pico,Class E,December,2014,117
Pico,Class E,January,2015,105
Pico,Class E,February,2015,105
Pico,Class E,March,2015,105
Pico,Class E,April,2015,82
Pico,Class E,May,2015,58
Pico,Class E,June,2015,58
Pico,Class E,July,2015,58
Pico,Class E,August,2015,93
Pico,Class E,September,2015,140
Pico,Class E,October,2015,140
Pico,Class E,November,2015,140
Pico,Class E,December,2015,140
Pico,Class E,January,2016,140
Pico,Class E,February,2016,93
Pico,Class E,March,2016,93
Pico,Class E,April,2016,105
Pico,Class E,May,2016,93
Pico,Class E,June,2016,93
Pico,Class E,July,2016,105
Pico,Class E,August,2016,140
Pico,Class E,September,2016,175
Pico,Class E,October,2016,210
Pico,Class E,November,2016,140
Pico,Class E,December,2016,140
Pico,Class E,January,2017,105
Pico,Class E,February,2017,117
Pico,Class E,March,2017,117
Pico,Class E,April,2017,117
Pico,Class E,May,2017,111
Pico,Class E,June,2017,105
Pico,Class E,July,2017,111
Pico,Class E,August,2017,140
Pico,Class E,September,2017,140
Pico,Class E,October,2017,140
Pico,Class E,November,2017,140
Pico,Class E,December,2017,163
Pico,Class E,January,2018,187
Pico,Class E,February,2018,187
Pico,Class E,March,2018,187
Pico,Class E,April,2018,140
Pico,Class E,May,2018,140
Pico,Class E,June,2018,117
Pico,Class E,July,2018,117
Pico,Class E,August,2018,117
Pico,Class E,September,2018,117
Pico,Class E,October,2018,152
Pico,Class E,November,2018,175
Pico,Class E,December,2018,152
Pico,Class E,January,2019,140
Pico,Class E,February,2019,140
Pico,Class E,March,2019,140
Pico,Class E,April,2019,140
Pico,Class E,May,2019,117
Pico,Class E,June,2019,94
Pico,Class E,July,2019,140
Pico,Class E,August,2019,198
Pico,Class E,September,2019,233
Pico,Class E,October,2019,175
Pico,Class E,November,2019,198
Pico,Class E,December,2019,175
Pico,Class E,January,2020,175
Pico,Class E,February,2020,175
Pico,Class E,March,2020,175
Pico,Class E,April,2020,187
Pico,Class E,May,2020,169
Pico,Class E,June,2020,117
Pico,Class E,July,2020,152
Pico,Class E,August,2020,163
Pico,Class E,September,2020,175
Pico,Class E,October,2020,175
Pico,Class E,November,2020,175
Pico,Class E,December,2020,175
Pico,Class E,January,2021,233
Pico,Class E,February,2021,187
Pico,Class E,March,2021,175
Pico,Class E,April,2021,175
Pico,Class E,May,2021,163
Pico,Class E,June,2021,117
Pico,Class E,July,2021,175
Pico,Class E,August,2021,210
Pico,Class E,September,2021,210
Pico,Class E,October,2021,210
Pico,Class E,November,2021,198
Pico,Class E,December,2021,210
Pico,Class E,January,2022,210
Pico,Class E,February,2022,210
Pico,Class E,March,2022,163
Pico,Class E,April,2022,140
Pico,Class E,May,2022,140
Pico,Class E,June,2022,140
Pico,Class E,July,2022,233
Pico,Class E,August,2022,233
Pico,Class E,September,2022,257
Pico,Class E,October,2022,210
Pico,Class E,November,2022,210
Pico,Class E,December,2022,210
Pico,Class E,January,2023,210
Pico,Class E,February,2023,210
Pico,Class E,March,2023,210
Pico,Class E,April,2023,210
Pico,Class E,May,2023,175
Pico,Class E,June,2023,175
Pico,Class E,July,2023,187
Pico,Class E,August,2023,175
Pico,Class E,September,2023,327
Pico,Class E,October,2023,222
Pico,Class E,November,2023,210
Pico,Class E,December,2023,210
Pico,Class E,January,2024,210
Pico,Class E,February,2024,210
Pico,Class E,March,2024,175
Pico,Class E,April,2024,175
Pico,Class E,May,2024,117
